{"count":1,"self":29.1926688,"total":29.6247157,"children":{"InitializeActuators":{"count":1,"self":0.0029906999999999998,"total":0.0029906999999999998,"children":null},"InitializeSensors":{"count":1,"self":0.003,"total":0.003,"children":null},"AgentSendState":{"count":1232,"self":0.0200062,"total":0.037010299999999996,"children":{"CollectObservations":{"count":176,"self":0.0019993999999999997,"total":0.0019993999999999997,"children":null},"WriteActionMask":{"count":176,"self":0.0010008999999999999,"total":0.0010008999999999999,"children":null},"RequestDecision":{"count":176,"self":0.014003799999999999,"total":0.014003799999999999,"children":null}}},"DecideAction":{"count":1232,"self":0.37203949999999997,"total":0.37203949999999997,"children":null},"AgentAct":{"count":1232,"self":0.0160035,"total":0.0160035,"children":null}},"gauges":{"My Behavior.CumulativeReward":{"count":13,"max":17,"min":0,"runningAverage":12.6153841,"value":9,"weightedAverage":12.1081257}},"metadata":{"timer_format_version":"0.1.0","start_time_seconds":"1622816715","unity_version":"2021.1.9f1","command_line_arguments":"D:\\Programs\\Unity\\2021.1.9f1\\Editor\\Unity.exe -projectpath D:\/Develop\/Jam\/SmartHood -useHub -hubIPC -cloudEnvironment production -hubSessionId fbba62d0-c176-11eb-bc96-d18caf0b2d68 -accessToken k8efddxsxdHEFtnE7KaRJVNbz_OiG0if-Efs4qeUmPA011f","communication_protocol_version":"1.5.0","com.unity.ml-agents_version":"2.0.0-exp.1","scene_name":"SampleScene","end_time_seconds":"1622816744"}}